{"_type":"export","__export_format":4,"__export_date":"2020-10-14T19:43:27.971Z","__export_source":"insomnia.desktop.app:v2020.4.1","resources":[{"_id":"req_f685d4ad41144ef3b64e53953ecadd17","parentId":"wrk_0be400f580d649d5a197e38957107d26","modified":1602691768728,"created":1602691746400,"url":"","name":"/ping","description":"","method":"GET","body":{},"parameters":[],"headers":[{"name":"Accept","value":"{{ accept }}","description":"","id":"pair_af5134244cd84fca892f9346a65d8705"}],"authentication":{},"metaSortKey":-1602691746400,"isPrivate":false,"settingStoreCookies":true,"settingSendCookies":true,"settingDisableRenderRequestBody":false,"settingEncodeUrl":true,"settingRebuildPath":true,"settingFollowRedirects":"global","_type":"request"},{"_id":"wrk_0be400f580d649d5a197e38957107d26","parentId":null,"modified":1602621550075,"created":1581520222867,"name":"Notes","description":"# Notes-ULA\n\nNotes-UAL is a imagainery Node.js backend to demonstrate the use of [Docsify](docsifyjs.org) to write an API Reference Guide.","scope":null,"_type":"workspace"},{"_id":"req_5dd799cbbf0648a5bd1ef1218356ff5c","parentId":"fld_490ad0758fe144678b22a580510988f9","modified":1602704535659,"created":1602547632738,"url":"{{ base_url }}/user/code","name":"Create a Code","description":"Collect the user's email address and sents it to the **POST /code** endpoint. A six digit code will be sent to the user's email account.  The code should then be sent to GET /token to receive a JWT token to use with other endpoints.\n\nMost email gateways will accept an email address and enter it into a queue to be delivered in the future. This does not guarantee delivery. This endpoint will return a status=201 once the gateway \"accepts\" the email address for delivery, though it might fail in the future.\n\n---\n\nPOST /user/code\n\n---\n\n## Parameters\n\n| Name         | Type    | In     | Description |\n| :---         | :---    | :---   | :--- |\n| Content-Type | strint  | header | ^ application/x-www-form-urlencoded |\n| Accept       | string  | header | application/json or application/xml |\n| email        | string  | body   | ^ user's email address |\n\n> ^ required, Accept defaults application/json\n\n---\n\n## Usage\n\n```bash\n# CURL\ncurl -d \"email=me@domain.com\" \\\n-H \"Content-Type: application/x-www-form-urlencoded\" \\\n-H \"Accept:application/json\" \\\n-X POST http://localhost:3001/user/code | json_pp\n```\n\n```javascript\n# Javascript\nconst axios = require('axios');\nconst options = {\n  \"headers\": {\"Accept\": \"application/json\", \"Content-Type\": \"application/x-www-form-urlencoded\"}\n};\n\nconst resp = await axios.post(\"/user/code\", {\"email\":\"me@domain.com\"}, options)\nconsole.log(resp.data);\n```\n\n---\n\n## Status\n\n```text\n- 200 OK\n- 400 Bad Request\n- 429 To Many Requests\n- 431 Request Header Fields Too Large\n- 500 Internal server error\n```\n\n## JSON\n\n```json\n{\n  \"user\": {\n    \"email\": \"warren@wyosoft.com\",\n    \"code\": \"A code was sent to the email address.\"\n  }\n}\n```\n\n## XML\n\n```xml\n<?xml version='1.0'?>\n<user>\n  <email>warren@wyosoft.com</email>\n  <code>A code was sent to the email address.</code>\n</user>\n```\n","method":"POST","body":{"mimeType":"application/x-www-form-urlencoded","params":[{"id":"pair_c0d94510f1fc489ab9aaccb14c457916","name":"email","value":"{% prompt 'Email Address', 'Please enter your email address. We will send you a code.', '', '', false, true %}"}]},"parameters":[],"headers":[{"id":"pair_87c73731a7b6410c95fd2a37086a44e7","name":"Content-Type","value":"application/x-www-form-urlencoded"},{"description":"","id":"pair_993479b574344d0daa6ac78a2b628d15","name":"Accept","value":"{{ accept }}"}],"authentication":{},"metaSortKey":-1602547632738,"isPrivate":false,"settingStoreCookies":true,"settingSendCookies":true,"settingDisableRenderRequestBody":false,"settingEncodeUrl":true,"settingRebuildPath":true,"settingFollowRedirects":"global","_type":"request"},{"_id":"fld_490ad0758fe144678b22a580510988f9","parentId":"wrk_0be400f580d649d5a197e38957107d26","modified":1602590781912,"created":1602543082821,"name":"Users","description":"","environment":{},"environmentPropertyOrder":null,"metaSortKey":-1602539449242,"_type":"request_group"},{"_id":"req_ed6305310f4743b8bb4c7d8aa01bc04f","parentId":"fld_490ad0758fe144678b22a580510988f9","modified":1602685918461,"created":1602550241714,"url":"{{ base_url }}/user/token","name":"Get a Token","description":"","method":"GET","body":{},"parameters":[{"description":"","disabled":false,"id":"pair_4603c9086f494368910b8de866b305e0","multiline":false,"name":"email","type":"text","value":"{% response 'body', 'req_5dd799cbbf0648a5bd1ef1218356ff5c', 'b64::JC51c2VyLmVtYWls::46b', 'never', 60 %}"},{"description":"","id":"pair_ebe9197b8cb64d2baae6bb718800c441","name":"code","value":"{% prompt 'Code', 'Enter the code sent to you', '', '', false, true %}"}],"headers":[{"description":"","id":"pair_b1a63371fffa46cd9915f83ebc6234c9","name":"Accept","value":"{{ accept }}"}],"authentication":{},"metaSortKey":-1602541274208,"isPrivate":false,"settingStoreCookies":true,"settingSendCookies":true,"settingDisableRenderRequestBody":false,"settingEncodeUrl":true,"settingRebuildPath":true,"settingFollowRedirects":"global","_type":"request"},{"_id":"req_bb0d8f45a70a4028a3e2d908fd4df198","parentId":"fld_490ad0758fe144678b22a580510988f9","modified":1602625202810,"created":1602539465695,"url":"{{ base_url }}/users","name":"Get all Users","description":"","method":"GET","body":{},"parameters":[],"headers":[{"description":"","id":"pair_6a7f329c69714aacaf4f72dfe8cc4e9a","name":"Accept","value":"{{ accept }}"}],"authentication":{"disabled":false,"token":"{{ token }}","type":"bearer"},"metaSortKey":-1602541274158,"isPrivate":false,"settingStoreCookies":true,"settingSendCookies":true,"settingDisableRenderRequestBody":false,"settingEncodeUrl":true,"settingRebuildPath":true,"settingFollowRedirects":"global","_type":"request"},{"_id":"req_ec57274c94564d89b9acf7ec79a25b79","parentId":"fld_6f3f9d0273b04600abe3f0497b0939b4","modified":1602630051796,"created":1602592441887,"url":"","name":"Get user Notes","description":"","method":"GET","body":{},"parameters":[{"description":"","id":"pair_0fc0c8cb2f484bd992b23efa5d6b55eb","name":"","value":""}],"headers":[{"description":"","id":"pair_7179350485c0414fb215e7b56998fb7d","name":"","value":""}],"authentication":{"token":"{{ token }}","type":"bearer"},"metaSortKey":-1602592441887,"isPrivate":false,"settingStoreCookies":true,"settingSendCookies":true,"settingDisableRenderRequestBody":false,"settingEncodeUrl":true,"settingRebuildPath":true,"settingFollowRedirects":"global","_type":"request"},{"_id":"fld_6f3f9d0273b04600abe3f0497b0939b4","parentId":"wrk_0be400f580d649d5a197e38957107d26","modified":1602590786478,"created":1602543099350,"name":"Notes","description":"","environment":{},"environmentPropertyOrder":null,"metaSortKey":-1602539449217,"_type":"request_group"},{"_id":"env_2b3c0b6cd3e1bb2ee00427bbdf6d216a6dc0f9f2","parentId":"wrk_0be400f580d649d5a197e38957107d26","modified":1581520222929,"created":1581520222929,"name":"Base Environment","data":{},"dataPropertyOrder":null,"color":null,"isPrivate":false,"metaSortKey":1581520222929,"_type":"environment"},{"_id":"jar_2b3c0b6cd3e1bb2ee00427bbdf6d216a6dc0f9f2","parentId":"wrk_0be400f580d649d5a197e38957107d26","modified":1599687160704,"created":1581520222932,"name":"Default Jar","cookies":[{"creation":"2020-08-21T14:20:11.548Z","domain":"sandbox.bluebutton.cms.gov","extensions":["SameSite=Lax"],"hostOnly":true,"httpOnly":true,"id":"41212637381284734","key":"sessionid","lastAccessed":"2020-09-09T21:32:40.704Z","path":"/","secure":true,"value":"to4689d33tg9yxu77bp8mkls0qet6fu3"}],"_type":"cookie_jar"},{"_id":"spc_58ceb8e84da0450faef5484ff41a8267","parentId":"wrk_0be400f580d649d5a197e38957107d26","modified":1596736567491,"created":1596736567491,"fileName":"xakiti","contents":"","contentType":"yaml","_type":"api_spec"},{"_id":"env_49fcde40f22b4a92b5ab1f3877cd4c8b","parentId":"env_2b3c0b6cd3e1bb2ee00427bbdf6d216a6dc0f9f2","modified":1602685868354,"created":1581544910860,"name":"dev","data":{"base_url":"http://localhost:3001","accept":"application/json","token":"{% response 'body', 'req_ed6305310f4743b8bb4c7d8aa01bc04f', 'b64::JC50b2tlbg==::46b', 'never', 60 %}"},"dataPropertyOrder":{"&":["base_url","accept","token"]},"color":null,"isPrivate":false,"metaSortKey":1581544910860,"_type":"environment"},{"_id":"env_7a67c22566f84a0eb4a6ced5072ecad1","parentId":"env_2b3c0b6cd3e1bb2ee00427bbdf6d216a6dc0f9f2","modified":1602597565716,"created":1581545010882,"name":"prod","data":{"accept":"application/json","base_url":"https://something.heroku.com","token":"{% response 'body', 'req_ed6305310f4743b8bb4c7d8aa01bc04f', 'b64::JC50b2tlbg==::46b', 'never', 60 %}"},"dataPropertyOrder":{"&":["base_url","accept","token"]},"color":null,"isPrivate":false,"metaSortKey":1581545010882,"_type":"environment"}]}