{"_type":"export","__export_format":4,"__export_date":"2020-10-19T14:09:57.190Z","__export_source":"insomnia.desktop.app:v2020.4.1","resources":[{"_id":"req_5dd799cbbf0648a5bd1ef1218356ff5c","parentId":"fld_490ad0758fe144678b22a580510988f9","modified":1602886495397,"created":1602547632738,"url":"{{ base_url }}/user/code","name":"Create a Code","description":"Collect the user's email address and sents it to the **POST /code** endpoint. A six digit code will be sent to the user's email account.  The code should then be sent to GET /token to receive a JWT token to use with other endpoints.\n\nMost email gateways will accept an email address and enter it into a queue to be delivered in the future. This does not guarantee delivery. This endpoint will return a status=201 once the gateway \"accepts\" the email address for delivery, though it might fail in the future.\n\n---\n\nPOST /user/code\n\n---\n\n## Parameters\n\n| Name         | Type    | In     | Description |\n| :---         | :---    | :---   | :--- |\n| Content-Type | strint  | header | ^ application/x-www-form-urlencoded |\n| Accept       | string  | header | application/json or application/xml |\n| email        | string  | body   | ^ user's email address |\n\n> ^ required, Accept defaults application/json\n\n---\n\n## Usage\n\n```bash\n# CURL\ncurl -d \"email=me@domain.com\" \\\n-H \"Content-Type: application/x-www-form-urlencoded\" \\\n-H \"Accept:application/json\" \\\n-X POST http://localhost:3001/user/code | json_pp\n```\n\n```javascript\n# Javascript\nconst axios = require('axios');\nconst options = {\n  \"headers\": {\"Accept\": \"application/json\", \"Content-Type\": \"application/x-www-form-urlencoded\"}\n};\n\nconst resp = await axios.post(\"/user/code\", {\"email\":\"me@domain.com\"}, options)\nconsole.log(resp.data);\n```\n\n---\n\n## Status\n\n```text\n- 200 OK\n- 400 Bad Request\n- 429 To Many Requests\n- 431 Request Header Fields Too Large\n- 500 Internal server error\n```\n\n## JSON\n\n```json\n{\n  \"user\": {\n    \"email\": \"warren@wyosoft.com\",\n    \"code\": \"A code was sent to the email address.\"\n  }\n}\n```\n\n## XML\n\n```xml\n<?xml version='1.0'?>\n<user>\n  <email>warren@wyosoft.com</email>\n  <code>A code was sent to the email address.</code>\n</user>\n```\n","method":"POST","body":{"mimeType":"application/x-www-form-urlencoded","params":[{"id":"pair_c0d94510f1fc489ab9aaccb14c457916","name":"email","value":"{% prompt 'Email Address', 'Please enter your email address. We will send you a code.', '', '', false, true %}"}]},"parameters":[],"headers":[{"id":"pair_87c73731a7b6410c95fd2a37086a44e7","name":"Content-Type","value":"application/x-www-form-urlencoded"},{"description":"","id":"pair_993479b574344d0daa6ac78a2b628d15","name":"Accept","value":"{{ Accept }}"}],"authentication":{},"metaSortKey":-1602547632738,"isPrivate":false,"settingStoreCookies":true,"settingSendCookies":true,"settingDisableRenderRequestBody":false,"settingEncodeUrl":true,"settingRebuildPath":true,"settingFollowRedirects":"global","_type":"request"},{"_id":"fld_490ad0758fe144678b22a580510988f9","parentId":"wrk_0be400f580d649d5a197e38957107d26","modified":1602590781912,"created":1602543082821,"name":"Users","description":"","environment":{},"environmentPropertyOrder":null,"metaSortKey":-1602539449242,"_type":"request_group"},{"_id":"wrk_0be400f580d649d5a197e38957107d26","parentId":null,"modified":1602969781254,"created":1581520222867,"name":"Notes","description":"# Notes\n\nNotes is a demonstration Node.js backend to illustrate the use of [Docsify](docsifyjs.org) to write an API Reference Guide and other Documentation.","scope":null,"_type":"workspace"},{"_id":"req_ed6305310f4743b8bb4c7d8aa01bc04f","parentId":"fld_490ad0758fe144678b22a580510988f9","modified":1602863383265,"created":1602550241714,"url":"{{ base_url }}/user/token","name":"Get a Token","description":"","method":"GET","body":{},"parameters":[{"description":"","disabled":false,"id":"pair_4603c9086f494368910b8de866b305e0","multiline":false,"name":"email","type":"text","value":"{% response 'body', 'req_5dd799cbbf0648a5bd1ef1218356ff5c', 'b64::JC51c2VyLmVtYWls::46b', 'never', 60 %}"},{"description":"","id":"pair_ebe9197b8cb64d2baae6bb718800c441","name":"code","value":"{% prompt 'Code', 'Enter the code sent to you', '', '', false, true %}"}],"headers":[{"description":"","id":"pair_b1a63371fffa46cd9915f83ebc6234c9","name":"Accept","value":"{{ Accept }}"}],"authentication":{},"metaSortKey":-1602541274208,"isPrivate":false,"settingStoreCookies":true,"settingSendCookies":true,"settingDisableRenderRequestBody":false,"settingEncodeUrl":true,"settingRebuildPath":true,"settingFollowRedirects":"global","_type":"request"},{"_id":"req_bb0d8f45a70a4028a3e2d908fd4df198","parentId":"fld_490ad0758fe144678b22a580510988f9","modified":1602864943965,"created":1602539465695,"url":"{{ base_url }}/user","name":"Get current User","description":"","method":"GET","body":{},"parameters":[],"headers":[{"description":"","id":"pair_6a7f329c69714aacaf4f72dfe8cc4e9a","name":"Accept","value":"{{ Accept }}"}],"authentication":{"disabled":false,"token":"{{ token }}","type":"bearer","prefix":"Bearer"},"metaSortKey":-1602541274158,"isPrivate":false,"settingStoreCookies":true,"settingSendCookies":true,"settingDisableRenderRequestBody":false,"settingEncodeUrl":true,"settingRebuildPath":true,"settingFollowRedirects":"global","_type":"request"},{"_id":"req_ec57274c94564d89b9acf7ec79a25b79","parentId":"fld_6f3f9d0273b04600abe3f0497b0939b4","modified":1602943811286,"created":1602592441887,"url":"{{ base_url }}/notes","name":"Get user's Notes","description":"Gets a list of all notes associated with the user's email address. There is search functionality to limit the list by its content and tags. \n\nIn addition pagination using skip and limit. If skip=0 and limit=100 then the first 100 notes will be returned. If skip=100 and limit=100 then the next group of 100 notes will be returned.\n\n- **/notes** (all notes)\n- **/notes?skip=0&limit=25** (first 25 notes, 1-25)\n- **/notes?skip=25&limit=25** (notes 26-50)\n- **/notes?content=Madison** (notes with Madison in the content)\n- **/notes?tags=Saturday%20Tuesday** (notes with Satruday or Tuesday in the tags)\n- **/notes?content=Madison&skip=0&limit=25** (first 25 notes with Madison in the content)\n\n---\n\n<span class=\"method get\">GET</span> /notes\n\n---\n\n**Parameters**\n\n| Name           | Type    | In     | Description |\n| :---           | :---    | :---   | :--- |\n| Accept         | string  | header | application/json or application/xml |\n| Authorization  | string  | header | ^ Bearer JWT-token |\n| content        | string  | query  | text to search note content by |\n| tags           | string  | query  | text to search note tags by |\n\n^ required\n\n---\n\n### Examples\n\n\n##### **CURL**\n\n```bash\ncurl -d \"email=me@mydomain.com\" \\\n-H \"Accept:application/json\" \\\n-H \"Authorization: Bearer 1234FRTG67\" \\\n-X GET https://docs-as-code.herokuapp.com/notes | json_pp\n```\n\n##### **Javascript**\n\n```javascript\nconst axios = require('axios');\nconst options = {\n  \"headers\": {\"Authorization\": \"Bearer 1234FRTG67\",\n              \"Accept\":\"application/json\"}\n};\n\nconst resp = await axios.get(\"https://docs-as-code.herokuapp.com/notes\", options)\nconsole.log(resp.data);\n```\n\n---\n\n### Response\n\n\n##### **Status**\n\n```text\n- 200 OK\n- 400 Bad Request\n- 401 Unauthorized\n- 429 To Many Requests\n- 431 Request Header Fields Too Large\n- 500 Internal server error\n```\n\n##### **JSON**\n\n```json\n{\n  \"notes\": [\n    {\n      \"id\": \"-UB_Ja5Qq\",\n      \"email\": \"warren@wyosoft.com\",\n      \"content\": \"Sent a new token.\",\n      \"tags\": \"token\",\n      \"ddtm\": \"2020-10-17T13:52:22.027Z\"\n    },\n    {\n      \"id\": \"AU7_Ja5Us\",\n      \"email\": \"warren@wyosoft.com\",\n      \"content\": \"My first note.\",\n      \"tags\": \"today\",\n      \"ddtm\": \"2020-10-16T11:12:11.047Z\"\n    }\n  ]\n}\n```\n\n##### **XML**\n\n```xml\n<?xml version='1.0'?>\n<notes>\n  <note>\n    <id>-UB_Ja5Qq</id>\n    <email>me@mydomain.com</email>\n    <content>Sent a new token.</content>\n    <tags>token</tags>\n    <ddtm>2020-10-17T13:52:22.027Z</ddtm>\n  </note>\n  <note>\n    <id>-AU7_Ja5Us</id>\n    <email>me@mydomain.com</email>\n    <content>My first note.</content>\n    <tags>today</tags>\n    <ddtm>2020-10-16T11:12:11.047Z</ddtm>\n  </note>\n</notes>\n```\n","method":"GET","body":{},"parameters":[],"headers":[{"description":"","id":"pair_7179350485c0414fb215e7b56998fb7d","name":"Accept","value":"{{ Accept }}"}],"authentication":{"token":"{{ token }}","type":"bearer"},"metaSortKey":-1602592441887,"isPrivate":false,"settingStoreCookies":true,"settingSendCookies":true,"settingDisableRenderRequestBody":false,"settingEncodeUrl":true,"settingRebuildPath":true,"settingFollowRedirects":"global","_type":"request"},{"_id":"fld_6f3f9d0273b04600abe3f0497b0939b4","parentId":"wrk_0be400f580d649d5a197e38957107d26","modified":1602590786478,"created":1602543099350,"name":"Notes","description":"","environment":{},"environmentPropertyOrder":null,"metaSortKey":-1602539449217,"_type":"request_group"},{"_id":"req_640ff7d04c7b4e02a12f307f67939409","parentId":"fld_6f3f9d0273b04600abe3f0497b0939b4","modified":1603107257297,"created":1602969445346,"url":"{{ base_url }}/note/{% prompt 'Get a Note', 'Enter the note ID', '', '', false, false %}","name":"Get a Note","description":"","method":"GET","body":{},"parameters":[],"headers":[{"name":"Accept","value":"{{ Accept }}","description":"","id":"pair_172669b60ebc4ac5bc4a8ba00594fdbe"}],"authentication":{"type":"bearer","token":"{{ token }}"},"metaSortKey":-1602592441862,"isPrivate":false,"settingStoreCookies":true,"settingSendCookies":true,"settingDisableRenderRequestBody":false,"settingEncodeUrl":true,"settingRebuildPath":true,"settingFollowRedirects":"global","_type":"request"},{"_id":"req_51701a5458f44b31bc7f3e99565b03fe","parentId":"fld_6f3f9d0273b04600abe3f0497b0939b4","modified":1603031916192,"created":1602886373552,"url":"{{ base_url }}/note","name":"Create a Note","description":"","method":"POST","body":{"mimeType":"application/x-www-form-urlencoded","params":[{"name":"content","value":"{% prompt 'Create a Note', 'Please enter your note content here.', '', '', false, false %}","description":"","id":"pair_cd4d7b83736a402bbc6fb4ff16fa97ba"},{"name":"tags","value":"{% prompt 'Create a Note', 'Please enter tags for your Note.', '', '', false, false %}","description":"","id":"pair_39d36133cc5d4bcaa96f9e9ba9eaa1b4"}]},"parameters":[],"headers":[{"name":"Content-Type","value":"application/x-www-form-urlencoded","id":"pair_903cc9fd06c54e82b39fd2e17484f9ac"}],"authentication":{"type":"bearer","token":"{{ token }}"},"metaSortKey":-1602592441837,"isPrivate":false,"settingStoreCookies":true,"settingSendCookies":true,"settingDisableRenderRequestBody":false,"settingEncodeUrl":true,"settingRebuildPath":true,"settingFollowRedirects":"global","_type":"request"},{"_id":"req_314e5614f1d542bc93df9823ecb08390","parentId":"fld_6f3f9d0273b04600abe3f0497b0939b4","modified":1603110741684,"created":1602969252474,"url":"{{ base_url }}/note/{% prompt 'Update a Note', 'Enter the note\\'s ID', '', '', false, false %}","name":"Update a Note","description":"","method":"PUT","body":{"mimeType":"application/x-www-form-urlencoded","params":[{"name":"content","value":"{% prompt 'Update a Note', 'Update note content here.', '', '', false, false %}","description":"","id":"pair_524e568d3e28466ba295f0b451f6ffd4"},{"name":"tags","value":"{% prompt 'Update a Note', 'Update tags here.', '', '', false, false %}","description":"","id":"pair_9db2fc79504a48178b19ea59a1a92755"}]},"parameters":[],"headers":[{"name":"Content-Type","value":"application/x-www-form-urlencoded","id":"pair_497ed913bfcc45c98d59d243a2cdd2cf"},{"name":"Accept","value":"{{ Accept }}","description":"","id":"pair_e89a20cef6344e26931eef623ddf01a3"}],"authentication":{"type":"bearer","token":"{{ token }}"},"metaSortKey":-1602592441787,"isPrivate":false,"settingStoreCookies":true,"settingSendCookies":true,"settingDisableRenderRequestBody":false,"settingEncodeUrl":true,"settingRebuildPath":true,"settingFollowRedirects":"global","_type":"request"},{"_id":"req_1f3fff4b97ce4be68569b7d4b3265022","parentId":"fld_6f3f9d0273b04600abe3f0497b0939b4","modified":1603108448515,"created":1602969588263,"url":"{{ base_url }}/note/{% prompt 'Delete a Note', 'Enter the note ID to delete', '', '', false, false %}","name":"Delete a Note","description":"","method":"DELETE","body":{},"parameters":[],"headers":[{"name":"Accept","value":"{{ Accept }}","description":"","id":"pair_52e974aefd3f413184a376707cdfd3cc"}],"authentication":{"type":"bearer","token":"{{ token }}"},"metaSortKey":-1602592441737,"isPrivate":false,"settingStoreCookies":true,"settingSendCookies":true,"settingDisableRenderRequestBody":false,"settingEncodeUrl":true,"settingRebuildPath":true,"settingFollowRedirects":"global","_type":"request"},{"_id":"req_0e2739fbd4e44485a2cf376d42593197","parentId":"fld_da8086cb103e421d87891a281915c195","modified":1602969932962,"created":1602969895949,"url":"{{ base_url }}/tags","name":"Get user's Tags","description":"","method":"GET","body":{},"parameters":[],"headers":[{"name":"Accept","value":"{{ Accept }}","description":"","id":"pair_4e5338771e234130ba8de226ed678561"}],"authentication":{"type":"bearer","token":"{{ token }}"},"metaSortKey":-1602969896011,"isPrivate":false,"settingStoreCookies":true,"settingSendCookies":true,"settingDisableRenderRequestBody":false,"settingEncodeUrl":true,"settingRebuildPath":true,"settingFollowRedirects":"global","_type":"request"},{"_id":"fld_da8086cb103e421d87891a281915c195","parentId":"wrk_0be400f580d649d5a197e38957107d26","modified":1602969881292,"created":1602969881279,"name":"Tags","description":"","environment":{},"environmentPropertyOrder":null,"metaSortKey":-1000000000,"_type":"request_group"},{"_id":"env_2b3c0b6cd3e1bb2ee00427bbdf6d216a6dc0f9f2","parentId":"wrk_0be400f580d649d5a197e38957107d26","modified":1581520222929,"created":1581520222929,"name":"Base Environment","data":{},"dataPropertyOrder":null,"color":null,"isPrivate":false,"metaSortKey":1581520222929,"_type":"environment"},{"_id":"jar_2b3c0b6cd3e1bb2ee00427bbdf6d216a6dc0f9f2","parentId":"wrk_0be400f580d649d5a197e38957107d26","modified":1599687160704,"created":1581520222932,"name":"Default Jar","cookies":[{"creation":"2020-08-21T14:20:11.548Z","domain":"sandbox.bluebutton.cms.gov","extensions":["SameSite=Lax"],"hostOnly":true,"httpOnly":true,"id":"41212637381284734","key":"sessionid","lastAccessed":"2020-09-09T21:32:40.704Z","path":"/","secure":true,"value":"to4689d33tg9yxu77bp8mkls0qet6fu3"}],"_type":"cookie_jar"},{"_id":"spc_58ceb8e84da0450faef5484ff41a8267","parentId":"wrk_0be400f580d649d5a197e38957107d26","modified":1596736567491,"created":1596736567491,"fileName":"xakiti","contents":"","contentType":"yaml","_type":"api_spec"},{"_id":"env_49fcde40f22b4a92b5ab1f3877cd4c8b","parentId":"env_2b3c0b6cd3e1bb2ee00427bbdf6d216a6dc0f9f2","modified":1603107618775,"created":1581544910860,"name":"dev","data":{"base_url":"http://localhost:3001","Accept":"application/json","token":"{% response 'body', 'req_ed6305310f4743b8bb4c7d8aa01bc04f', 'b64::JC50b2tlbg==::46b', 'never', 60 %}"},"dataPropertyOrder":{"&":["base_url","Accept","token"]},"color":null,"isPrivate":false,"metaSortKey":1581544910860,"_type":"environment"},{"_id":"env_7a67c22566f84a0eb4a6ced5072ecad1","parentId":"env_2b3c0b6cd3e1bb2ee00427bbdf6d216a6dc0f9f2","modified":1602873680964,"created":1581545010882,"name":"prod","data":{"base_url":"https://docs-as-code.herokuapp.com","Accept":"application/json","token":"{% response 'body', 'req_ed6305310f4743b8bb4c7d8aa01bc04f', 'b64::JC50b2tlbg==::46b', 'never', 60 %}"},"dataPropertyOrder":{"&":["base_url","Accept","token"]},"color":null,"isPrivate":false,"metaSortKey":1581545010882,"_type":"environment"}]}